iP,jD,Pset_req,d,P_calc,ZVS_pri,ZVS_sec,thumb_path
1,1,0,0.001,1.04678910234e-06,1,0,C:\Users\lal\Working_Folder_C\SimulinkProject_ModularDAB3\05_Scripts\Analysis\DAB3_3level_optimization\DAB3_22_eq_results\Lm_10\hover_thumbs\SPS_Lm10_d001000_P000001.png
2,1,5.81776417331e-05,0.001,5.82137527156e-05,1,0,C:\Users\lal\Working_Folder_C\SimulinkProject_ModularDAB3\05_Scripts\Analysis\DAB3_3level_optimization\DAB3_22_eq_results\Lm_10\hover_thumbs\SPS_Lm10_d001000_P000058.png
3,1,0.000116355283466,0.001,0.000116381413659,1,0,C:\Users\lal\Working_Folder_C\SimulinkProject_ModularDAB3\05_Scripts\Analysis\DAB3_3level_optimization\DAB3_22_eq_results\Lm_10\hover_thumbs\SPS_Lm10_d001000_P000116.png
4,1,0.000174532925199,0.001,0.000174683296862,1,0,C:\Users\lal\Working_Folder_C\SimulinkProject_ModularDAB3\05_Scripts\Analysis\DAB3_3level_optimization\DAB3_22_eq_results\Lm_10\hover_thumbs\SPS_Lm10_d001000_P000175.png
5,1,0.000232710566933,0.001,0.000232818313392,1,0,C:\Users\lal\Working_Folder_C\SimulinkProject_ModularDAB3\05_Scripts\Analysis\DAB3_3level_optimization\DAB3_22_eq_results\Lm_10\hover_thumbs\SPS_Lm10_d001000_P000233.png
6,1,0.000290888208666,0.001,0.000290897749591,1,0,C:\Users\lal\Working_Folder_C\SimulinkProject_ModularDAB3\05_Scripts\Analysis\DAB3_3level_optimization\DAB3_22_eq_results\Lm_10\hover_thumbs\SPS_Lm10_d001000_P000291.png
7,1,0.000349065850399,0.001,0.000349115900977,1,0,C:\Users\lal\Working_Folder_C\SimulinkProject_ModularDAB3\05_Scripts\Analysis\DAB3_3level_optimization\DAB3_22_eq_results\Lm_10\hover_thumbs\SPS_Lm10_d001000_P000349.png
8,1,0.000407243492132,0.001,0.000407322333049,1,0,C:\Users\lal\Working_Folder_C\SimulinkProject_ModularDAB3\05_Scripts\Analysis\DAB3_3level_optimization\DAB3_22_eq_results\Lm_10\hover_thumbs\SPS_Lm10_d001000_P000407.png
9,1,0.000465421133865,0.001,0.00046544918062,1,0,C:\Users\lal\Working_Folder_C\SimulinkProject_ModularDAB3\05_Scripts\Analysis\DAB3_3level_optimization\DAB3_22_eq_results\Lm_10\hover_thumbs\SPS_Lm10_d001000_P000465.png
10,1,0.000523598775598,0.001,0.000523546400006,1,0,C:\Users\lal\Working_Folder_C\SimulinkProject_ModularDAB3\05_Scripts\Analysis\DAB3_3level_optimization\DAB3_22_eq_results\Lm_10\hover_thumbs\SPS_Lm10_d001000_P000524.png
1,2,0,0.0634583333333,1.32886884485e-05,1,0,C:\Users\lal\Working_Folder_C\SimulinkProject_ModularDAB3\05_Scripts\Analysis\DAB3_3level_optimization\DAB3_22_eq_results\Lm_10\hover_thumbs\SPS_Lm10_d063458_P000001.png
2,2,0.00369185618165,0.0634583333333,0.00369414772442,1,0,C:\Users\lal\Working_Folder_C\SimulinkProject_ModularDAB3\05_Scripts\Analysis\DAB3_3level_optimization\DAB3_22_eq_results\Lm_10\hover_thumbs\SPS_Lm10_d063458_P003692.png
3,2,0.0073837123633,0.0634583333333,0.00738537054172,1,0,C:\Users\lal\Working_Folder_C\SimulinkProject_ModularDAB3\05_Scripts\Analysis\DAB3_3level_optimization\DAB3_22_eq_results\Lm_10\hover_thumbs\SPS_Lm10_d063458_P007384.png
4,2,0.0110755685449,0.0634583333333,0.01108511088,1,0,C:\Users\lal\Working_Folder_C\SimulinkProject_ModularDAB3\05_Scripts\Analysis\DAB3_3level_optimization\DAB3_22_eq_results\Lm_10\hover_thumbs\SPS_Lm10_d063458_P011076.png
5,2,0.0147674247266,0.0634583333333,0.0147742621373,1,0,C:\Users\lal\Working_Folder_C\SimulinkProject_ModularDAB3\05_Scripts\Analysis\DAB3_3level_optimization\DAB3_22_eq_results\Lm_10\hover_thumbs\SPS_Lm10_d063458_P014767.png
6,2,0.0184592809082,0.0634583333333,0.0184598863594,1,0,C:\Users\lal\Working_Folder_C\SimulinkProject_ModularDAB3\05_Scripts\Analysis\DAB3_3level_optimization\DAB3_22_eq_results\Lm_10\hover_thumbs\SPS_Lm10_d063458_P018459.png
7,2,0.0221511370899,0.0634583333333,0.022154313216,1,0,C:\Users\lal\Working_Folder_C\SimulinkProject_ModularDAB3\05_Scripts\Analysis\DAB3_3level_optimization\DAB3_22_eq_results\Lm_10\hover_thumbs\SPS_Lm10_d063458_P022151.png
8,2,0.0258429932715,0.0634583333333,0.0258479963847,1,0,C:\Users\lal\Working_Folder_C\SimulinkProject_ModularDAB3\05_Scripts\Analysis\DAB3_3level_optimization\DAB3_22_eq_results\Lm_10\hover_thumbs\SPS_Lm10_d063458_P025843.png
9,2,0.0295348494532,0.0634583333333,0.0295366292535,1,0,C:\Users\lal\Working_Folder_C\SimulinkProject_ModularDAB3\05_Scripts\Analysis\DAB3_3level_optimization\DAB3_22_eq_results\Lm_10\hover_thumbs\SPS_Lm10_d063458_P029535.png
10,2,0.0332267056348,0.0634583333333,0.0332233819674,1,0,C:\Users\lal\Working_Folder_C\SimulinkProject_ModularDAB3\05_Scripts\Analysis\DAB3_3level_optimization\DAB3_22_eq_results\Lm_10\hover_thumbs\SPS_Lm10_d063458_P033227.png
1,3,0,0.125916666667,-2.4306539896e-15,1,0,C:\Users\lal\Working_Folder_C\SimulinkProject_ModularDAB3\05_Scripts\Analysis\DAB3_3level_optimization\DAB3_22_eq_results\Lm_10\hover_thumbs\SPS_Lm10_d125917_P000001.png
2,3,0.00732553472157,0.125916666667,0.00733008169613,1,0,C:\Users\lal\Working_Folder_C\SimulinkProject_ModularDAB3\05_Scripts\Analysis\DAB3_3level_optimization\DAB3_22_eq_results\Lm_10\hover_thumbs\SPS_Lm10_d125917_P007326.png
3,3,0.0146510694431,0.125916666667,0.0146543596698,1,0,C:\Users\lal\Working_Folder_C\SimulinkProject_ModularDAB3\05_Scripts\Analysis\DAB3_3level_optimization\DAB3_22_eq_results\Lm_10\hover_thumbs\SPS_Lm10_d125917_P014651.png
4,3,0.0219766041647,0.125916666667,0.0219955384631,1,0,C:\Users\lal\Working_Folder_C\SimulinkProject_ModularDAB3\05_Scripts\Analysis\DAB3_3level_optimization\DAB3_22_eq_results\Lm_10\hover_thumbs\SPS_Lm10_d125917_P021977.png
5,3,0.0293021388863,0.125916666667,0.0293157059612,1,0,C:\Users\lal\Working_Folder_C\SimulinkProject_ModularDAB3\05_Scripts\Analysis\DAB3_3level_optimization\DAB3_22_eq_results\Lm_10\hover_thumbs\SPS_Lm10_d125917_P029302.png
6,3,0.0366276736078,0.125916666667,0.0366288749692,1,0,C:\Users\lal\Working_Folder_C\SimulinkProject_ModularDAB3\05_Scripts\Analysis\DAB3_3level_optimization\DAB3_22_eq_results\Lm_10\hover_thumbs\SPS_Lm10_d125917_P036628.png
7,3,0.0439532083294,0.125916666667,0.0439595105311,1,0,C:\Users\lal\Working_Folder_C\SimulinkProject_ModularDAB3\05_Scripts\Analysis\DAB3_3level_optimization\DAB3_22_eq_results\Lm_10\hover_thumbs\SPS_Lm10_d125917_P043953.png
8,3,0.051278743051,0.125916666667,0.0512886704363,1,0,C:\Users\lal\Working_Folder_C\SimulinkProject_ModularDAB3\05_Scripts\Analysis\DAB3_3level_optimization\DAB3_22_eq_results\Lm_10\hover_thumbs\SPS_Lm10_d125917_P051279.png
9,3,0.0586042777725,0.125916666667,0.0586078093264,1,0,C:\Users\lal\Working_Folder_C\SimulinkProject_ModularDAB3\05_Scripts\Analysis\DAB3_3level_optimization\DAB3_22_eq_results\Lm_10\hover_thumbs\SPS_Lm10_d125917_P058604.png
10,3,0.0659298124941,0.125916666667,0.0659232175348,1,0,C:\Users\lal\Working_Folder_C\SimulinkProject_ModularDAB3\05_Scripts\Analysis\DAB3_3level_optimization\DAB3_22_eq_results\Lm_10\hover_thumbs\SPS_Lm10_d125917_P065930.png
1,4,0,0.188375,3.95690069807e-15,1,0,C:\Users\lal\Working_Folder_C\SimulinkProject_ModularDAB3\05_Scripts\Analysis\DAB3_3level_optimization\DAB3_22_eq_results\Lm_10\hover_thumbs\SPS_Lm10_d188375_P000001.png
2,4,0.0109592132615,0.188375,0.0109660156678,1,0,C:\Users\lal\Working_Folder_C\SimulinkProject_ModularDAB3\05_Scripts\Analysis\DAB3_3level_optimization\DAB3_22_eq_results\Lm_10\hover_thumbs\SPS_Lm10_d188375_P010959.png
3,4,0.021918426523,0.188375,0.0219233487979,1,0,C:\Users\lal\Working_Folder_C\SimulinkProject_ModularDAB3\05_Scripts\Analysis\DAB3_3level_optimization\DAB3_22_eq_results\Lm_10\hover_thumbs\SPS_Lm10_d188375_P021918.png
4,4,0.0328776397844,0.188375,0.0329059660462,1,0,C:\Users\lal\Working_Folder_C\SimulinkProject_ModularDAB3\05_Scripts\Analysis\DAB3_3level_optimization\DAB3_22_eq_results\Lm_10\hover_thumbs\SPS_Lm10_d188375_P032878.png
5,4,0.0438368530459,0.188375,0.0438571497851,1,0,C:\Users\lal\Working_Folder_C\SimulinkProject_ModularDAB3\05_Scripts\Analysis\DAB3_3level_optimization\DAB3_22_eq_results\Lm_10\hover_thumbs\SPS_Lm10_d188375_P043837.png
6,4,0.0547960663074,0.188375,0.0547978635789,1,0,C:\Users\lal\Working_Folder_C\SimulinkProject_ModularDAB3\05_Scripts\Analysis\DAB3_3level_optimization\DAB3_22_eq_results\Lm_10\hover_thumbs\SPS_Lm10_d188375_P054796.png
7,4,0.0657552795689,0.188375,0.0657647078462,1,0,C:\Users\lal\Working_Folder_C\SimulinkProject_ModularDAB3\05_Scripts\Analysis\DAB3_3level_optimization\DAB3_22_eq_results\Lm_10\hover_thumbs\SPS_Lm10_d188375_P065755.png
8,4,0.0767144928304,0.188375,0.0767293444879,1,0,C:\Users\lal\Working_Folder_C\SimulinkProject_ModularDAB3\05_Scripts\Analysis\DAB3_3level_optimization\DAB3_22_eq_results\Lm_10\hover_thumbs\SPS_Lm10_d188375_P076714.png
9,4,0.0876737060918,0.188375,0.0876789893993,1,0,C:\Users\lal\Working_Folder_C\SimulinkProject_ModularDAB3\05_Scripts\Analysis\DAB3_3level_optimization\DAB3_22_eq_results\Lm_10\hover_thumbs\SPS_Lm10_d188375_P087674.png
10,4,0.0986329193533,0.188375,0.0986230531021,1,0,C:\Users\lal\Working_Folder_C\SimulinkProject_ModularDAB3\05_Scripts\Analysis\DAB3_3level_optimization\DAB3_22_eq_results\Lm_10\hover_thumbs\SPS_Lm10_d188375_P098633.png
1,5,0,0.250833333333,-2.67217718381e-15,1,0,C:\Users\lal\Working_Folder_C\SimulinkProject_ModularDAB3\05_Scripts\Analysis\DAB3_3level_optimization\DAB3_22_eq_results\Lm_10\hover_thumbs\SPS_Lm10_d250833_P000001.png
2,5,0.0145928918014,0.250833333333,0.0146019496395,1,0,C:\Users\lal\Working_Folder_C\SimulinkProject_ModularDAB3\05_Scripts\Analysis\DAB3_3level_optimization\DAB3_22_eq_results\Lm_10\hover_thumbs\SPS_Lm10_d250833_P014593.png
3,5,0.0291857836028,0.250833333333,0.0291923379259,1,0,C:\Users\lal\Working_Folder_C\SimulinkProject_ModularDAB3\05_Scripts\Analysis\DAB3_3level_optimization\DAB3_22_eq_results\Lm_10\hover_thumbs\SPS_Lm10_d250833_P029186.png
4,5,0.0437786754042,0.250833333333,0.0438163936293,1,0,C:\Users\lal\Working_Folder_C\SimulinkProject_ModularDAB3\05_Scripts\Analysis\DAB3_3level_optimization\DAB3_22_eq_results\Lm_10\hover_thumbs\SPS_Lm10_d250833_P043779.png
5,5,0.0583715672056,0.250833333333,0.058398593609,1,0,C:\Users\lal\Working_Folder_C\SimulinkProject_ModularDAB3\05_Scripts\Analysis\DAB3_3level_optimization\DAB3_22_eq_results\Lm_10\hover_thumbs\SPS_Lm10_d250833_P058372.png
6,5,0.072964459007,0.250833333333,0.0729668521887,1,0,C:\Users\lal\Working_Folder_C\SimulinkProject_ModularDAB3\05_Scripts\Analysis\DAB3_3level_optimization\DAB3_22_eq_results\Lm_10\hover_thumbs\SPS_Lm10_d250833_P072964.png
7,5,0.0875573508084,0.250833333333,0.0875699051612,1,0,C:\Users\lal\Working_Folder_C\SimulinkProject_ModularDAB3\05_Scripts\Analysis\DAB3_3level_optimization\DAB3_22_eq_results\Lm_10\hover_thumbs\SPS_Lm10_d250833_P087557.png
8,5,0.10215024261,0.250833333333,0.102170018539,1,0,C:\Users\lal\Working_Folder_C\SimulinkProject_ModularDAB3\05_Scripts\Analysis\DAB3_3level_optimization\DAB3_22_eq_results\Lm_10\hover_thumbs\SPS_Lm10_d250833_P102150.png
9,5,0.116743134411,0.250833333333,0.116750169472,1,0,C:\Users\lal\Working_Folder_C\SimulinkProject_ModularDAB3\05_Scripts\Analysis\DAB3_3level_optimization\DAB3_22_eq_results\Lm_10\hover_thumbs\SPS_Lm10_d250833_P116743.png
10,5,0.131336026213,0.250833333333,0.131322888669,1,0,C:\Users\lal\Working_Folder_C\SimulinkProject_ModularDAB3\05_Scripts\Analysis\DAB3_3level_optimization\DAB3_22_eq_results\Lm_10\hover_thumbs\SPS_Lm10_d250833_P131336.png
1,6,0,0.313291666667,2.24683105298e-15,1,0,C:\Users\lal\Working_Folder_C\SimulinkProject_ModularDAB3\05_Scripts\Analysis\DAB3_3level_optimization\DAB3_22_eq_results\Lm_10\hover_thumbs\SPS_Lm10_d313292_P000001.png
2,6,0.0182265703413,0.313291666667,0.0182378836113,1,0,C:\Users\lal\Working_Folder_C\SimulinkProject_ModularDAB3\05_Scripts\Analysis\DAB3_3level_optimization\DAB3_22_eq_results\Lm_10\hover_thumbs\SPS_Lm10_d313292_P018227.png
3,6,0.0364531406826,0.313291666667,0.036461327054,1,0,C:\Users\lal\Working_Folder_C\SimulinkProject_ModularDAB3\05_Scripts\Analysis\DAB3_3level_optimization\DAB3_22_eq_results\Lm_10\hover_thumbs\SPS_Lm10_d313292_P036453.png
4,6,0.0546797110239,0.313291666667,0.0547268212124,1,0,C:\Users\lal\Working_Folder_C\SimulinkProject_ModularDAB3\05_Scripts\Analysis\DAB3_3level_optimization\DAB3_22_eq_results\Lm_10\hover_thumbs\SPS_Lm10_d313292_P054680.png
5,6,0.0729062813653,0.313291666667,0.0729400374329,1,0,C:\Users\lal\Working_Folder_C\SimulinkProject_ModularDAB3\05_Scripts\Analysis\DAB3_3level_optimization\DAB3_22_eq_results\Lm_10\hover_thumbs\SPS_Lm10_d313292_P072906.png
6,6,0.0911328517066,0.313291666667,0.0911358407985,1,0,C:\Users\lal\Working_Folder_C\SimulinkProject_ModularDAB3\05_Scripts\Analysis\DAB3_3level_optimization\DAB3_22_eq_results\Lm_10\hover_thumbs\SPS_Lm10_d313292_P091133.png
7,6,0.109359422048,0.313291666667,0.109375102476,1,0,C:\Users\lal\Working_Folder_C\SimulinkProject_ModularDAB3\05_Scripts\Analysis\DAB3_3level_optimization\DAB3_22_eq_results\Lm_10\hover_thumbs\SPS_Lm10_d313292_P109359.png
8,6,0.127585992389,0.313291666667,0.127610692591,1,0,C:\Users\lal\Working_Folder_C\SimulinkProject_ModularDAB3\05_Scripts\Analysis\DAB3_3level_optimization\DAB3_22_eq_results\Lm_10\hover_thumbs\SPS_Lm10_d313292_P127586.png
9,6,0.145812562731,0.313291666667,0.145821349545,1,0,C:\Users\lal\Working_Folder_C\SimulinkProject_ModularDAB3\05_Scripts\Analysis\DAB3_3level_optimization\DAB3_22_eq_results\Lm_10\hover_thumbs\SPS_Lm10_d313292_P145813.png
10,6,0.164039133072,0.313291666667,0.164022724237,1,0,C:\Users\lal\Working_Folder_C\SimulinkProject_ModularDAB3\05_Scripts\Analysis\DAB3_3level_optimization\DAB3_22_eq_results\Lm_10\hover_thumbs\SPS_Lm10_d313292_P164039.png
1,7,0,0.37575,-2.99666883825e-15,1,0,C:\Users\lal\Working_Folder_C\SimulinkProject_ModularDAB3\05_Scripts\Analysis\DAB3_3level_optimization\DAB3_22_eq_results\Lm_10\hover_thumbs\SPS_Lm10_d375750_P000001.png
2,7,0.0218602488812,0.37575,0.021873817583,1,0,C:\Users\lal\Working_Folder_C\SimulinkProject_ModularDAB3\05_Scripts\Analysis\DAB3_3level_optimization\DAB3_22_eq_results\Lm_10\hover_thumbs\SPS_Lm10_d375750_P021860.png
3,7,0.0437204977625,0.37575,0.0437303161821,1,0,C:\Users\lal\Working_Folder_C\SimulinkProject_ModularDAB3\05_Scripts\Analysis\DAB3_3level_optimization\DAB3_22_eq_results\Lm_10\hover_thumbs\SPS_Lm10_d375750_P043720.png
4,7,0.0655807466437,0.37575,0.0656372487955,1,0,C:\Users\lal\Working_Folder_C\SimulinkProject_ModularDAB3\05_Scripts\Analysis\DAB3_3level_optimization\DAB3_22_eq_results\Lm_10\hover_thumbs\SPS_Lm10_d375750_P065581.png
5,7,0.0874409955249,0.37575,0.0874814812568,1,0,C:\Users\lal\Working_Folder_C\SimulinkProject_ModularDAB3\05_Scripts\Analysis\DAB3_3level_optimization\DAB3_22_eq_results\Lm_10\hover_thumbs\SPS_Lm10_d375750_P087441.png
6,7,0.109301244406,0.37575,0.109304829408,1,0,C:\Users\lal\Working_Folder_C\SimulinkProject_ModularDAB3\05_Scripts\Analysis\DAB3_3level_optimization\DAB3_22_eq_results\Lm_10\hover_thumbs\SPS_Lm10_d375750_P109301.png
7,7,0.131161493287,0.37575,0.131180299791,1,0,C:\Users\lal\Working_Folder_C\SimulinkProject_ModularDAB3\05_Scripts\Analysis\DAB3_3level_optimization\DAB3_22_eq_results\Lm_10\hover_thumbs\SPS_Lm10_d375750_P131161.png
8,7,0.153021742169,0.37575,0.153051366643,1,0,C:\Users\lal\Working_Folder_C\SimulinkProject_ModularDAB3\05_Scripts\Analysis\DAB3_3level_optimization\DAB3_22_eq_results\Lm_10\hover_thumbs\SPS_Lm10_d375750_P153022.png
9,7,0.17488199105,0.37575,0.174892529618,1,0,C:\Users\lal\Working_Folder_C\SimulinkProject_ModularDAB3\05_Scripts\Analysis\DAB3_3level_optimization\DAB3_22_eq_results\Lm_10\hover_thumbs\SPS_Lm10_d375750_P174882.png
10,7,0.196742239931,0.37575,0.196722559804,1,0,C:\Users\lal\Working_Folder_C\SimulinkProject_ModularDAB3\05_Scripts\Analysis\DAB3_3level_optimization\DAB3_22_eq_results\Lm_10\hover_thumbs\SPS_Lm10_d375750_P196742.png
1,8,0,0.438208333333,-2.3632949985e-15,1,0,C:\Users\lal\Working_Folder_C\SimulinkProject_ModularDAB3\05_Scripts\Analysis\DAB3_3level_optimization\DAB3_22_eq_results\Lm_10\hover_thumbs\SPS_Lm10_d438208_P000001.png
2,8,0.0254939274211,0.438208333333,0.0255097515547,1,0,C:\Users\lal\Working_Folder_C\SimulinkProject_ModularDAB3\05_Scripts\Analysis\DAB3_3level_optimization\DAB3_22_eq_results\Lm_10\hover_thumbs\SPS_Lm10_d438208_P025494.png
3,8,0.0509878548423,0.438208333333,0.0509993053101,1,0,C:\Users\lal\Working_Folder_C\SimulinkProject_ModularDAB3\05_Scripts\Analysis\DAB3_3level_optimization\DAB3_22_eq_results\Lm_10\hover_thumbs\SPS_Lm10_d438208_P050988.png
4,8,0.0764817822634,0.438208333333,0.0765476763786,1,0,C:\Users\lal\Working_Folder_C\SimulinkProject_ModularDAB3\05_Scripts\Analysis\DAB3_3level_optimization\DAB3_22_eq_results\Lm_10\hover_thumbs\SPS_Lm10_d438208_P076482.png
5,8,0.101975709685,0.438208333333,0.102022925081,1,0,C:\Users\lal\Working_Folder_C\SimulinkProject_ModularDAB3\05_Scripts\Analysis\DAB3_3level_optimization\DAB3_22_eq_results\Lm_10\hover_thumbs\SPS_Lm10_d438208_P101976.png
6,8,0.127469637106,0.438208333333,0.127473818018,1,0,C:\Users\lal\Working_Folder_C\SimulinkProject_ModularDAB3\05_Scripts\Analysis\DAB3_3level_optimization\DAB3_22_eq_results\Lm_10\hover_thumbs\SPS_Lm10_d438208_P127470.png
7,8,0.152963564527,0.438208333333,0.152985497106,1,0,C:\Users\lal\Working_Folder_C\SimulinkProject_ModularDAB3\05_Scripts\Analysis\DAB3_3level_optimization\DAB3_22_eq_results\Lm_10\hover_thumbs\SPS_Lm10_d438208_P152964.png
8,8,0.178457491948,0.438208333333,0.178492040694,1,0,C:\Users\lal\Working_Folder_C\SimulinkProject_ModularDAB3\05_Scripts\Analysis\DAB3_3level_optimization\DAB3_22_eq_results\Lm_10\hover_thumbs\SPS_Lm10_d438208_P178457.png
9,8,0.203951419369,0.438208333333,0.203963709691,1,0,C:\Users\lal\Working_Folder_C\SimulinkProject_ModularDAB3\05_Scripts\Analysis\DAB3_3level_optimization\DAB3_22_eq_results\Lm_10\hover_thumbs\SPS_Lm10_d438208_P203951.png
10,8,0.22944534679,0.438208333333,0.229422395372,1,0,C:\Users\lal\Working_Folder_C\SimulinkProject_ModularDAB3\05_Scripts\Analysis\DAB3_3level_optimization\DAB3_22_eq_results\Lm_10\hover_thumbs\SPS_Lm10_d438208_P229445.png
1,9,0,0.500666666667,3.15864642035e-15,1,0,C:\Users\lal\Working_Folder_C\SimulinkProject_ModularDAB3\05_Scripts\Analysis\DAB3_3level_optimization\DAB3_22_eq_results\Lm_10\hover_thumbs\SPS_Lm10_d500667_P000001.png
2,9,0.0291276059611,0.500666666667,0.0291456855264,1,0,C:\Users\lal\Working_Folder_C\SimulinkProject_ModularDAB3\05_Scripts\Analysis\DAB3_3level_optimization\DAB3_22_eq_results\Lm_10\hover_thumbs\SPS_Lm10_d500667_P029128.png
3,9,0.0582552119221,0.500666666667,0.0582682944382,1,0,C:\Users\lal\Working_Folder_C\SimulinkProject_ModularDAB3\05_Scripts\Analysis\DAB3_3level_optimization\DAB3_22_eq_results\Lm_10\hover_thumbs\SPS_Lm10_d500667_P058255.png
4,9,0.0873828178832,0.500666666667,0.0874581039617,1,0,C:\Users\lal\Working_Folder_C\SimulinkProject_ModularDAB3\05_Scripts\Analysis\DAB3_3level_optimization\DAB3_22_eq_results\Lm_10\hover_thumbs\SPS_Lm10_d500667_P087383.png
5,9,0.116510423844,0.500666666667,0.116564368905,1,0,C:\Users\lal\Working_Folder_C\SimulinkProject_ModularDAB3\05_Scripts\Analysis\DAB3_3level_optimization\DAB3_22_eq_results\Lm_10\hover_thumbs\SPS_Lm10_d500667_P116510.png
6,9,0.145638029805,0.500666666667,0.145642806628,1,0,C:\Users\lal\Working_Folder_C\SimulinkProject_ModularDAB3\05_Scripts\Analysis\DAB3_3level_optimization\DAB3_22_eq_results\Lm_10\hover_thumbs\SPS_Lm10_d500667_P145638.png
7,9,0.174765635766,0.500666666667,0.174790694421,1,0,C:\Users\lal\Working_Folder_C\SimulinkProject_ModularDAB3\05_Scripts\Analysis\DAB3_3level_optimization\DAB3_22_eq_results\Lm_10\hover_thumbs\SPS_Lm10_d500667_P174766.png
8,9,0.203893241727,0.500666666667,0.203932714746,1,0,C:\Users\lal\Working_Folder_C\SimulinkProject_ModularDAB3\05_Scripts\Analysis\DAB3_3level_optimization\DAB3_22_eq_results\Lm_10\hover_thumbs\SPS_Lm10_d500667_P203893.png
9,9,0.233020847688,0.500666666667,0.233034889764,1,0,C:\Users\lal\Working_Folder_C\SimulinkProject_ModularDAB3\05_Scripts\Analysis\DAB3_3level_optimization\DAB3_22_eq_results\Lm_10\hover_thumbs\SPS_Lm10_d500667_P233021.png
10,9,0.26214845365,0.500666666667,0.262122230939,1,1,C:\Users\lal\Working_Folder_C\SimulinkProject_ModularDAB3\05_Scripts\Analysis\DAB3_3level_optimization\DAB3_22_eq_results\Lm_10\hover_thumbs\SPS_Lm10_d500667_P262148.png
1,10,0,0.563125,-3.20757898129e-15,1,0,C:\Users\lal\Working_Folder_C\SimulinkProject_ModularDAB3\05_Scripts\Analysis\DAB3_3level_optimization\DAB3_22_eq_results\Lm_10\hover_thumbs\SPS_Lm10_d563125_P000001.png
2,10,0.032761284501,0.563125,0.0327816194981,1,0,C:\Users\lal\Working_Folder_C\SimulinkProject_ModularDAB3\05_Scripts\Analysis\DAB3_3level_optimization\DAB3_22_eq_results\Lm_10\hover_thumbs\SPS_Lm10_d563125_P032761.png
3,10,0.065522569002,0.563125,0.0655372835663,1,0,C:\Users\lal\Working_Folder_C\SimulinkProject_ModularDAB3\05_Scripts\Analysis\DAB3_3level_optimization\DAB3_22_eq_results\Lm_10\hover_thumbs\SPS_Lm10_d563125_P065523.png
4,10,0.0982838535029,0.563125,0.0983685315448,1,0,C:\Users\lal\Working_Folder_C\SimulinkProject_ModularDAB3\05_Scripts\Analysis\DAB3_3level_optimization\DAB3_22_eq_results\Lm_10\hover_thumbs\SPS_Lm10_d563125_P098284.png
5,10,0.131045138004,0.563125,0.131105812728,1,0,C:\Users\lal\Working_Folder_C\SimulinkProject_ModularDAB3\05_Scripts\Analysis\DAB3_3level_optimization\DAB3_22_eq_results\Lm_10\hover_thumbs\SPS_Lm10_d563125_P131045.png
6,10,0.163806422505,0.563125,0.163811795238,1,0,C:\Users\lal\Working_Folder_C\SimulinkProject_ModularDAB3\05_Scripts\Analysis\DAB3_3level_optimization\DAB3_22_eq_results\Lm_10\hover_thumbs\SPS_Lm10_d563125_P163806.png
7,10,0.196567707006,0.563125,0.196595891736,1,0,C:\Users\lal\Working_Folder_C\SimulinkProject_ModularDAB3\05_Scripts\Analysis\DAB3_3level_optimization\DAB3_22_eq_results\Lm_10\hover_thumbs\SPS_Lm10_d563125_P196568.png
8,10,0.229328991507,0.563125,0.229373388798,1,0,C:\Users\lal\Working_Folder_C\SimulinkProject_ModularDAB3\05_Scripts\Analysis\DAB3_3level_optimization\DAB3_22_eq_results\Lm_10\hover_thumbs\SPS_Lm10_d563125_P229329.png
9,10,0.262090276008,0.563125,0.262106069837,1,1,C:\Users\lal\Working_Folder_C\SimulinkProject_ModularDAB3\05_Scripts\Analysis\DAB3_3level_optimization\DAB3_22_eq_results\Lm_10\hover_thumbs\SPS_Lm10_d563125_P262090.png
10,10,0.294851560509,0.563125,0.294822066506,1,1,C:\Users\lal\Working_Folder_C\SimulinkProject_ModularDAB3\05_Scripts\Analysis\DAB3_3level_optimization\DAB3_22_eq_results\Lm_10\hover_thumbs\SPS_Lm10_d563125_P294852.png
1,11,0,0.625583333333,-1.07044526313e-15,1,0,C:\Users\lal\Working_Folder_C\SimulinkProject_ModularDAB3\05_Scripts\Analysis\DAB3_3level_optimization\DAB3_22_eq_results\Lm_10\hover_thumbs\SPS_Lm10_d625583_P000001.png
2,11,0.0363949630409,0.625583333333,0.0364175534698,1,0,C:\Users\lal\Working_Folder_C\SimulinkProject_ModularDAB3\05_Scripts\Analysis\DAB3_3level_optimization\DAB3_22_eq_results\Lm_10\hover_thumbs\SPS_Lm10_d625583_P036395.png
3,11,0.0727899260818,0.625583333333,0.0728062726943,1,0,C:\Users\lal\Working_Folder_C\SimulinkProject_ModularDAB3\05_Scripts\Analysis\DAB3_3level_optimization\DAB3_22_eq_results\Lm_10\hover_thumbs\SPS_Lm10_d625583_P072790.png
4,11,0.109184889123,0.625583333333,0.109278959128,1,0,C:\Users\lal\Working_Folder_C\SimulinkProject_ModularDAB3\05_Scripts\Analysis\DAB3_3level_optimization\DAB3_22_eq_results\Lm_10\hover_thumbs\SPS_Lm10_d625583_P109185.png
5,11,0.145579852164,0.625583333333,0.145647256552,1,0,C:\Users\lal\Working_Folder_C\SimulinkProject_ModularDAB3\05_Scripts\Analysis\DAB3_3level_optimization\DAB3_22_eq_results\Lm_10\hover_thumbs\SPS_Lm10_d625583_P145580.png
6,11,0.181974815204,0.625583333333,0.181980783847,1,0,C:\Users\lal\Working_Folder_C\SimulinkProject_ModularDAB3\05_Scripts\Analysis\DAB3_3level_optimization\DAB3_22_eq_results\Lm_10\hover_thumbs\SPS_Lm10_d625583_P181975.png
7,11,0.218369778245,0.625583333333,0.218401089052,1,0,C:\Users\lal\Working_Folder_C\SimulinkProject_ModularDAB3\05_Scripts\Analysis\DAB3_3level_optimization\DAB3_22_eq_results\Lm_10\hover_thumbs\SPS_Lm10_d625583_P218370.png
8,11,0.254764741286,0.625583333333,0.254814062849,1,1,C:\Users\lal\Working_Folder_C\SimulinkProject_ModularDAB3\05_Scripts\Analysis\DAB3_3level_optimization\DAB3_22_eq_results\Lm_10\hover_thumbs\SPS_Lm10_d625583_P254765.png
9,11,0.291159704327,0.625583333333,0.29117724991,1,1,C:\Users\lal\Working_Folder_C\SimulinkProject_ModularDAB3\05_Scripts\Analysis\DAB3_3level_optimization\DAB3_22_eq_results\Lm_10\hover_thumbs\SPS_Lm10_d625583_P291160.png
10,11,0.327554667368,0.625583333333,0.327521902074,1,1,C:\Users\lal\Working_Folder_C\SimulinkProject_ModularDAB3\05_Scripts\Analysis\DAB3_3level_optimization\DAB3_22_eq_results\Lm_10\hover_thumbs\SPS_Lm10_d625583_P327555.png
1,12,0,0.688041666667,-8.25599419848e-16,1,0,C:\Users\lal\Working_Folder_C\SimulinkProject_ModularDAB3\05_Scripts\Analysis\DAB3_3level_optimization\DAB3_22_eq_results\Lm_10\hover_thumbs\SPS_Lm10_d688042_P000001.png
2,12,0.0400286415808,0.688041666667,0.0400534874415,1,0,C:\Users\lal\Working_Folder_C\SimulinkProject_ModularDAB3\05_Scripts\Analysis\DAB3_3level_optimization\DAB3_22_eq_results\Lm_10\hover_thumbs\SPS_Lm10_d688042_P040029.png
3,12,0.0800572831616,0.688041666667,0.0800752618224,1,0,C:\Users\lal\Working_Folder_C\SimulinkProject_ModularDAB3\05_Scripts\Analysis\DAB3_3level_optimization\DAB3_22_eq_results\Lm_10\hover_thumbs\SPS_Lm10_d688042_P080057.png
4,12,0.120085924742,0.688041666667,0.120189386711,1,0,C:\Users\lal\Working_Folder_C\SimulinkProject_ModularDAB3\05_Scripts\Analysis\DAB3_3level_optimization\DAB3_22_eq_results\Lm_10\hover_thumbs\SPS_Lm10_d688042_P120086.png
5,12,0.160114566323,0.688041666667,0.160188700376,1,0,C:\Users\lal\Working_Folder_C\SimulinkProject_ModularDAB3\05_Scripts\Analysis\DAB3_3level_optimization\DAB3_22_eq_results\Lm_10\hover_thumbs\SPS_Lm10_d688042_P160115.png
6,12,0.200143207904,0.688041666667,0.200149772457,1,0,C:\Users\lal\Working_Folder_C\SimulinkProject_ModularDAB3\05_Scripts\Analysis\DAB3_3level_optimization\DAB3_22_eq_results\Lm_10\hover_thumbs\SPS_Lm10_d688042_P200143.png
7,12,0.240171849485,0.688041666667,0.240206286367,1,1,C:\Users\lal\Working_Folder_C\SimulinkProject_ModularDAB3\05_Scripts\Analysis\DAB3_3level_optimization\DAB3_22_eq_results\Lm_10\hover_thumbs\SPS_Lm10_d688042_P240172.png
8,12,0.280200491066,0.688041666667,0.280254736901,1,1,C:\Users\lal\Working_Folder_C\SimulinkProject_ModularDAB3\05_Scripts\Analysis\DAB3_3level_optimization\DAB3_22_eq_results\Lm_10\hover_thumbs\SPS_Lm10_d688042_P280200.png
9,12,0.320229132646,0.688041666667,0.320248429983,1,1,C:\Users\lal\Working_Folder_C\SimulinkProject_ModularDAB3\05_Scripts\Analysis\DAB3_3level_optimization\DAB3_22_eq_results\Lm_10\hover_thumbs\SPS_Lm10_d688042_P320229.png
10,12,0.360257774227,0.688041666667,0.360221737641,1,1,C:\Users\lal\Working_Folder_C\SimulinkProject_ModularDAB3\05_Scripts\Analysis\DAB3_3level_optimization\DAB3_22_eq_results\Lm_10\hover_thumbs\SPS_Lm10_d688042_P360258.png
1,13,0,0.7505,1.29601963016e-15,1,0,C:\Users\lal\Working_Folder_C\SimulinkProject_ModularDAB3\05_Scripts\Analysis\DAB3_3level_optimization\DAB3_22_eq_results\Lm_10\hover_thumbs\SPS_Lm10_d750500_P000001.png
2,13,0.0436623201207,0.7505,0.0436894214132,1,0,C:\Users\lal\Working_Folder_C\SimulinkProject_ModularDAB3\05_Scripts\Analysis\DAB3_3level_optimization\DAB3_22_eq_results\Lm_10\hover_thumbs\SPS_Lm10_d750500_P043662.png
3,13,0.0873246402414,0.7505,0.0873442509505,1,0,C:\Users\lal\Working_Folder_C\SimulinkProject_ModularDAB3\05_Scripts\Analysis\DAB3_3level_optimization\DAB3_22_eq_results\Lm_10\hover_thumbs\SPS_Lm10_d750500_P087325.png
4,13,0.130986960362,0.7505,0.131099814294,1,0,C:\Users\lal\Working_Folder_C\SimulinkProject_ModularDAB3\05_Scripts\Analysis\DAB3_3level_optimization\DAB3_22_eq_results\Lm_10\hover_thumbs\SPS_Lm10_d750500_P130987.png
5,13,0.174649280483,0.7505,0.1747301442,1,1,C:\Users\lal\Working_Folder_C\SimulinkProject_ModularDAB3\05_Scripts\Analysis\DAB3_3level_optimization\DAB3_22_eq_results\Lm_10\hover_thumbs\SPS_Lm10_d750500_P174649.png
6,13,0.218311600604,0.7505,0.218318761067,1,1,C:\Users\lal\Working_Folder_C\SimulinkProject_ModularDAB3\05_Scripts\Analysis\DAB3_3level_optimization\DAB3_22_eq_results\Lm_10\hover_thumbs\SPS_Lm10_d750500_P218312.png
7,13,0.261973920724,0.7505,0.262011483682,1,1,C:\Users\lal\Working_Folder_C\SimulinkProject_ModularDAB3\05_Scripts\Analysis\DAB3_3level_optimization\DAB3_22_eq_results\Lm_10\hover_thumbs\SPS_Lm10_d750500_P261974.png
8,13,0.305636240845,0.7505,0.305695410952,1,1,C:\Users\lal\Working_Folder_C\SimulinkProject_ModularDAB3\05_Scripts\Analysis\DAB3_3level_optimization\DAB3_22_eq_results\Lm_10\hover_thumbs\SPS_Lm10_d750500_P305636.png
9,13,0.349298560966,0.7505,0.349319610056,1,1,C:\Users\lal\Working_Folder_C\SimulinkProject_ModularDAB3\05_Scripts\Analysis\DAB3_3level_optimization\DAB3_22_eq_results\Lm_10\hover_thumbs\SPS_Lm10_d750500_P349299.png
10,13,0.392960881087,0.7505,0.392921573208,1,1,C:\Users\lal\Working_Folder_C\SimulinkProject_ModularDAB3\05_Scripts\Analysis\DAB3_3level_optimization\DAB3_22_eq_results\Lm_10\hover_thumbs\SPS_Lm10_d750500_P392961.png
1,14,0,0.812958333333,-8.24357799492e-16,1,0,C:\Users\lal\Working_Folder_C\SimulinkProject_ModularDAB3\05_Scripts\Analysis\DAB3_3level_optimization\DAB3_22_eq_results\Lm_10\hover_thumbs\SPS_Lm10_d812958_P000001.png
2,14,0.0472959986606,0.812958333333,0.0473253553849,1,0,C:\Users\lal\Working_Folder_C\SimulinkProject_ModularDAB3\05_Scripts\Analysis\DAB3_3level_optimization\DAB3_22_eq_results\Lm_10\hover_thumbs\SPS_Lm10_d812958_P047296.png
3,14,0.0945919973213,0.812958333333,0.0946132400786,1,0,C:\Users\lal\Working_Folder_C\SimulinkProject_ModularDAB3\05_Scripts\Analysis\DAB3_3level_optimization\DAB3_22_eq_results\Lm_10\hover_thumbs\SPS_Lm10_d812958_P094592.png
4,14,0.141887995982,0.812958333333,0.142010241877,1,1,C:\Users\lal\Working_Folder_C\SimulinkProject_ModularDAB3\05_Scripts\Analysis\DAB3_3level_optimization\DAB3_22_eq_results\Lm_10\hover_thumbs\SPS_Lm10_d812958_P141888.png
5,14,0.189183994643,0.812958333333,0.189271588024,1,1,C:\Users\lal\Working_Folder_C\SimulinkProject_ModularDAB3\05_Scripts\Analysis\DAB3_3level_optimization\DAB3_22_eq_results\Lm_10\hover_thumbs\SPS_Lm10_d812958_P189184.png
6,14,0.236479993303,0.812958333333,0.236487749677,1,1,C:\Users\lal\Working_Folder_C\SimulinkProject_ModularDAB3\05_Scripts\Analysis\DAB3_3level_optimization\DAB3_22_eq_results\Lm_10\hover_thumbs\SPS_Lm10_d812958_P236480.png
7,14,0.283775991964,0.812958333333,0.283816680997,1,1,C:\Users\lal\Working_Folder_C\SimulinkProject_ModularDAB3\05_Scripts\Analysis\DAB3_3level_optimization\DAB3_22_eq_results\Lm_10\hover_thumbs\SPS_Lm10_d812958_P283776.png
8,14,0.331071990624,0.812958333333,0.331136085004,1,1,C:\Users\lal\Working_Folder_C\SimulinkProject_ModularDAB3\05_Scripts\Analysis\DAB3_3level_optimization\DAB3_22_eq_results\Lm_10\hover_thumbs\SPS_Lm10_d812958_P331072.png
9,14,0.378367989285,0.812958333333,0.378390790128,1,1,C:\Users\lal\Working_Folder_C\SimulinkProject_ModularDAB3\05_Scripts\Analysis\DAB3_3level_optimization\DAB3_22_eq_results\Lm_10\hover_thumbs\SPS_Lm10_d812958_P378368.png
10,14,0.425663987946,0.812958333333,0.425621408776,1,1,C:\Users\lal\Working_Folder_C\SimulinkProject_ModularDAB3\05_Scripts\Analysis\DAB3_3level_optimization\DAB3_22_eq_results\Lm_10\hover_thumbs\SPS_Lm10_d812958_P425664.png
1,15,0,0.875416666667,1.40500356976e-15,1,0,C:\Users\lal\Working_Folder_C\SimulinkProject_ModularDAB3\05_Scripts\Analysis\DAB3_3level_optimization\DAB3_22_eq_results\Lm_10\hover_thumbs\SPS_Lm10_d875417_P000001.png
2,15,0.0509296772006,0.875416666667,0.0509612893566,1,1,C:\Users\lal\Working_Folder_C\SimulinkProject_ModularDAB3\05_Scripts\Analysis\DAB3_3level_optimization\DAB3_22_eq_results\Lm_10\hover_thumbs\SPS_Lm10_d875417_P050930.png
3,15,0.101859354401,0.875416666667,0.101882229207,1,1,C:\Users\lal\Working_Folder_C\SimulinkProject_ModularDAB3\05_Scripts\Analysis\DAB3_3level_optimization\DAB3_22_eq_results\Lm_10\hover_thumbs\SPS_Lm10_d875417_P101859.png
4,15,0.152789031602,0.875416666667,0.15292066946,1,1,C:\Users\lal\Working_Folder_C\SimulinkProject_ModularDAB3\05_Scripts\Analysis\DAB3_3level_optimization\DAB3_22_eq_results\Lm_10\hover_thumbs\SPS_Lm10_d875417_P152789.png
5,15,0.203718708802,0.875416666667,0.203813031848,1,1,C:\Users\lal\Working_Folder_C\SimulinkProject_ModularDAB3\05_Scripts\Analysis\DAB3_3level_optimization\DAB3_22_eq_results\Lm_10\hover_thumbs\SPS_Lm10_d875417_P203719.png
6,15,0.254648386003,0.875416666667,0.254656738286,1,1,C:\Users\lal\Working_Folder_C\SimulinkProject_ModularDAB3\05_Scripts\Analysis\DAB3_3level_optimization\DAB3_22_eq_results\Lm_10\hover_thumbs\SPS_Lm10_d875417_P254648.png
7,15,0.305578063203,0.875416666667,0.305621878312,1,1,C:\Users\lal\Working_Folder_C\SimulinkProject_ModularDAB3\05_Scripts\Analysis\DAB3_3level_optimization\DAB3_22_eq_results\Lm_10\hover_thumbs\SPS_Lm10_d875417_P305578.png
8,15,0.356507740404,0.875416666667,0.356576759056,1,1,C:\Users\lal\Working_Folder_C\SimulinkProject_ModularDAB3\05_Scripts\Analysis\DAB3_3level_optimization\DAB3_22_eq_results\Lm_10\hover_thumbs\SPS_Lm10_d875417_P356508.png
9,15,0.407437417604,0.875416666667,0.407461970201,1,1,C:\Users\lal\Working_Folder_C\SimulinkProject_ModularDAB3\05_Scripts\Analysis\DAB3_3level_optimization\DAB3_22_eq_results\Lm_10\hover_thumbs\SPS_Lm10_d875417_P407437.png
10,15,0.458367094805,0.875416666667,0.458321244343,1,1,C:\Users\lal\Working_Folder_C\SimulinkProject_ModularDAB3\05_Scripts\Analysis\DAB3_3level_optimization\DAB3_22_eq_results\Lm_10\hover_thumbs\SPS_Lm10_d875417_P458367.png
1,16,0,0.937875,-1.29809023998e-15,1,1,C:\Users\lal\Working_Folder_C\SimulinkProject_ModularDAB3\05_Scripts\Analysis\DAB3_3level_optimization\DAB3_22_eq_results\Lm_10\hover_thumbs\SPS_Lm10_d937875_P000001.png
2,16,0.0545633557405,0.937875,0.0545972233283,1,1,C:\Users\lal\Working_Folder_C\SimulinkProject_ModularDAB3\05_Scripts\Analysis\DAB3_3level_optimization\DAB3_22_eq_results\Lm_10\hover_thumbs\SPS_Lm10_d937875_P054563.png
3,16,0.109126711481,0.937875,0.109151218335,1,1,C:\Users\lal\Working_Folder_C\SimulinkProject_ModularDAB3\05_Scripts\Analysis\DAB3_3level_optimization\DAB3_22_eq_results\Lm_10\hover_thumbs\SPS_Lm10_d937875_P109127.png
4,16,0.163690067221,0.937875,0.163831097044,1,1,C:\Users\lal\Working_Folder_C\SimulinkProject_ModularDAB3\05_Scripts\Analysis\DAB3_3level_optimization\DAB3_22_eq_results\Lm_10\hover_thumbs\SPS_Lm10_d937875_P163690.png
5,16,0.218253422962,0.937875,0.218354475672,1,1,C:\Users\lal\Working_Folder_C\SimulinkProject_ModularDAB3\05_Scripts\Analysis\DAB3_3level_optimization\DAB3_22_eq_results\Lm_10\hover_thumbs\SPS_Lm10_d937875_P218253.png
6,16,0.272816778702,0.937875,0.272825726896,1,1,C:\Users\lal\Working_Folder_C\SimulinkProject_ModularDAB3\05_Scripts\Analysis\DAB3_3level_optimization\DAB3_22_eq_results\Lm_10\hover_thumbs\SPS_Lm10_d937875_P272817.png
7,16,0.327380134443,0.937875,0.327427075627,1,1,C:\Users\lal\Working_Folder_C\SimulinkProject_ModularDAB3\05_Scripts\Analysis\DAB3_3level_optimization\DAB3_22_eq_results\Lm_10\hover_thumbs\SPS_Lm10_d937875_P327380.png
8,16,0.381943490183,0.937875,0.382017433107,1,1,C:\Users\lal\Working_Folder_C\SimulinkProject_ModularDAB3\05_Scripts\Analysis\DAB3_3level_optimization\DAB3_22_eq_results\Lm_10\hover_thumbs\SPS_Lm10_d937875_P381943.png
9,16,0.436506845924,0.937875,0.436533150274,1,1,C:\Users\lal\Working_Folder_C\SimulinkProject_ModularDAB3\05_Scripts\Analysis\DAB3_3level_optimization\DAB3_22_eq_results\Lm_10\hover_thumbs\SPS_Lm10_d937875_P436507.png
10,16,0.491070201664,0.937875,0.491021079911,1,1,C:\Users\lal\Working_Folder_C\SimulinkProject_ModularDAB3\05_Scripts\Analysis\DAB3_3level_optimization\DAB3_22_eq_results\Lm_10\hover_thumbs\SPS_Lm10_d937875_P491070.png
1,17,0,1.00033333333,-2.16693751715e-16,1,1,C:\Users\lal\Working_Folder_C\SimulinkProject_ModularDAB3\05_Scripts\Analysis\DAB3_3level_optimization\DAB3_22_eq_results\Lm_10\hover_thumbs\SPS_Lm10_d1000333_P000001.png
2,17,0.0581970342804,1.00033333333,0.0582331573,1,1,C:\Users\lal\Working_Folder_C\SimulinkProject_ModularDAB3\05_Scripts\Analysis\DAB3_3level_optimization\DAB3_22_eq_results\Lm_10\hover_thumbs\SPS_Lm10_d1000333_P058197.png
3,17,0.116394068561,1.00033333333,0.116420207463,1,1,C:\Users\lal\Working_Folder_C\SimulinkProject_ModularDAB3\05_Scripts\Analysis\DAB3_3level_optimization\DAB3_22_eq_results\Lm_10\hover_thumbs\SPS_Lm10_d1000333_P116394.png
4,17,0.174591102841,1.00033333333,0.174741524627,1,1,C:\Users\lal\Working_Folder_C\SimulinkProject_ModularDAB3\05_Scripts\Analysis\DAB3_3level_optimization\DAB3_22_eq_results\Lm_10\hover_thumbs\SPS_Lm10_d1000333_P174591.png
5,17,0.232788137122,1.00033333333,0.232895919496,1,1,C:\Users\lal\Working_Folder_C\SimulinkProject_ModularDAB3\05_Scripts\Analysis\DAB3_3level_optimization\DAB3_22_eq_results\Lm_10\hover_thumbs\SPS_Lm10_d1000333_P232788.png
6,17,0.290985171402,1.00033333333,0.290994715506,1,1,C:\Users\lal\Working_Folder_C\SimulinkProject_ModularDAB3\05_Scripts\Analysis\DAB3_3level_optimization\DAB3_22_eq_results\Lm_10\hover_thumbs\SPS_Lm10_d1000333_P290985.png
7,17,0.349182205682,1.00033333333,0.349232272942,1,1,C:\Users\lal\Working_Folder_C\SimulinkProject_ModularDAB3\05_Scripts\Analysis\DAB3_3level_optimization\DAB3_22_eq_results\Lm_10\hover_thumbs\SPS_Lm10_d1000333_P349182.png
8,17,0.407379239963,1.00033333333,0.407458107159,1,1,C:\Users\lal\Working_Folder_C\SimulinkProject_ModularDAB3\05_Scripts\Analysis\DAB3_3level_optimization\DAB3_22_eq_results\Lm_10\hover_thumbs\SPS_Lm10_d1000333_P407379.png
9,17,0.465576274243,1.00033333333,0.465604330347,1,1,C:\Users\lal\Working_Folder_C\SimulinkProject_ModularDAB3\05_Scripts\Analysis\DAB3_3level_optimization\DAB3_22_eq_results\Lm_10\hover_thumbs\SPS_Lm10_d1000333_P465576.png
10,17,0.523773308523,1.00033333333,0.523720915478,1,1,C:\Users\lal\Working_Folder_C\SimulinkProject_ModularDAB3\05_Scripts\Analysis\DAB3_3level_optimization\DAB3_22_eq_results\Lm_10\hover_thumbs\SPS_Lm10_d1000333_P523773.png
1,18,0,1.06279166667,-5.11554481045e-16,1,1,C:\Users\lal\Working_Folder_C\SimulinkProject_ModularDAB3\05_Scripts\Analysis\DAB3_3level_optimization\DAB3_22_eq_results\Lm_10\hover_thumbs\SPS_Lm10_d1062792_P000001.png
2,18,0.0618307128203,1.06279166667,0.0618690912718,1,1,C:\Users\lal\Working_Folder_C\SimulinkProject_ModularDAB3\05_Scripts\Analysis\DAB3_3level_optimization\DAB3_22_eq_results\Lm_10\hover_thumbs\SPS_Lm10_d1062792_P061831.png
3,18,0.123661425641,1.06279166667,0.123689196591,1,1,C:\Users\lal\Working_Folder_C\SimulinkProject_ModularDAB3\05_Scripts\Analysis\DAB3_3level_optimization\DAB3_22_eq_results\Lm_10\hover_thumbs\SPS_Lm10_d1062792_P123661.png
4,18,0.185492138461,1.06279166667,0.18565195221,1,1,C:\Users\lal\Working_Folder_C\SimulinkProject_ModularDAB3\05_Scripts\Analysis\DAB3_3level_optimization\DAB3_22_eq_results\Lm_10\hover_thumbs\SPS_Lm10_d1062792_P185492.png
5,18,0.247322851281,1.06279166667,0.24743736332,1,1,C:\Users\lal\Working_Folder_C\SimulinkProject_ModularDAB3\05_Scripts\Analysis\DAB3_3level_optimization\DAB3_22_eq_results\Lm_10\hover_thumbs\SPS_Lm10_d1062792_P247323.png
6,18,0.309153564102,1.06279166667,0.309163704116,1,1,C:\Users\lal\Working_Folder_C\SimulinkProject_ModularDAB3\05_Scripts\Analysis\DAB3_3level_optimization\DAB3_22_eq_results\Lm_10\hover_thumbs\SPS_Lm10_d1062792_P309154.png
7,18,0.370984276922,1.06279166667,0.371037470257,1,1,C:\Users\lal\Working_Folder_C\SimulinkProject_ModularDAB3\05_Scripts\Analysis\DAB3_3level_optimization\DAB3_22_eq_results\Lm_10\hover_thumbs\SPS_Lm10_d1062792_P370984.png
8,18,0.432814989742,1.06279166667,0.43289878121,1,1,C:\Users\lal\Working_Folder_C\SimulinkProject_ModularDAB3\05_Scripts\Analysis\DAB3_3level_optimization\DAB3_22_eq_results\Lm_10\hover_thumbs\SPS_Lm10_d1062792_P432815.png
9,18,0.494645702562,1.06279166667,0.49467551042,1,1,C:\Users\lal\Working_Folder_C\SimulinkProject_ModularDAB3\05_Scripts\Analysis\DAB3_3level_optimization\DAB3_22_eq_results\Lm_10\hover_thumbs\SPS_Lm10_d1062792_P494646.png
10,18,0.556476415383,1.06279166667,0.556420751045,1,1,C:\Users\lal\Working_Folder_C\SimulinkProject_ModularDAB3\05_Scripts\Analysis\DAB3_3level_optimization\DAB3_22_eq_results\Lm_10\hover_thumbs\SPS_Lm10_d1062792_P556476.png
1,19,0,1.12525,9.46126151209e-16,0,1,C:\Users\lal\Working_Folder_C\SimulinkProject_ModularDAB3\05_Scripts\Analysis\DAB3_3level_optimization\DAB3_22_eq_results\Lm_10\hover_thumbs\SPS_Lm10_d1125250_P000001.png
2,19,0.0654643913602,1.12525,0.0655050252435,1,1,C:\Users\lal\Working_Folder_C\SimulinkProject_ModularDAB3\05_Scripts\Analysis\DAB3_3level_optimization\DAB3_22_eq_results\Lm_10\hover_thumbs\SPS_Lm10_d1125250_P065464.png
3,19,0.13092878272,1.12525,0.130958185719,1,1,C:\Users\lal\Working_Folder_C\SimulinkProject_ModularDAB3\05_Scripts\Analysis\DAB3_3level_optimization\DAB3_22_eq_results\Lm_10\hover_thumbs\SPS_Lm10_d1125250_P130929.png
4,19,0.196393174081,1.12525,0.196562379793,1,1,C:\Users\lal\Working_Folder_C\SimulinkProject_ModularDAB3\05_Scripts\Analysis\DAB3_3level_optimization\DAB3_22_eq_results\Lm_10\hover_thumbs\SPS_Lm10_d1125250_P196393.png
5,19,0.261857565441,1.12525,0.261978807144,1,1,C:\Users\lal\Working_Folder_C\SimulinkProject_ModularDAB3\05_Scripts\Analysis\DAB3_3level_optimization\DAB3_22_eq_results\Lm_10\hover_thumbs\SPS_Lm10_d1125250_P261858.png
6,19,0.327321956801,1.12525,0.327332692726,1,1,C:\Users\lal\Working_Folder_C\SimulinkProject_ModularDAB3\05_Scripts\Analysis\DAB3_3level_optimization\DAB3_22_eq_results\Lm_10\hover_thumbs\SPS_Lm10_d1125250_P327322.png
7,19,0.392786348161,1.12525,0.392842667572,1,1,C:\Users\lal\Working_Folder_C\SimulinkProject_ModularDAB3\05_Scripts\Analysis\DAB3_3level_optimization\DAB3_22_eq_results\Lm_10\hover_thumbs\SPS_Lm10_d1125250_P392786.png
8,19,0.458250739522,1.12525,0.458339455262,1,1,C:\Users\lal\Working_Folder_C\SimulinkProject_ModularDAB3\05_Scripts\Analysis\DAB3_3level_optimization\DAB3_22_eq_results\Lm_10\hover_thumbs\SPS_Lm10_d1125250_P458251.png
9,19,0.523715130882,1.12525,0.523746690493,1,1,C:\Users\lal\Working_Folder_C\SimulinkProject_ModularDAB3\05_Scripts\Analysis\DAB3_3level_optimization\DAB3_22_eq_results\Lm_10\hover_thumbs\SPS_Lm10_d1125250_P523715.png
10,19,0.589179522242,1.12525,0.589120586613,1,1,C:\Users\lal\Working_Folder_C\SimulinkProject_ModularDAB3\05_Scripts\Analysis\DAB3_3level_optimization\DAB3_22_eq_results\Lm_10\hover_thumbs\SPS_Lm10_d1125250_P589180.png
1,20,0,1.18770833333,-7.26434482012e-16,0,1,C:\Users\lal\Working_Folder_C\SimulinkProject_ModularDAB3\05_Scripts\Analysis\DAB3_3level_optimization\DAB3_22_eq_results\Lm_10\hover_thumbs\SPS_Lm10_d1187708_P000001.png
2,20,0.0690980699001,1.18770833333,0.0691409592152,0,1,C:\Users\lal\Working_Folder_C\SimulinkProject_ModularDAB3\05_Scripts\Analysis\DAB3_3level_optimization\DAB3_22_eq_results\Lm_10\hover_thumbs\SPS_Lm10_d1187708_P069098.png
3,20,0.1381961398,1.18770833333,0.138227174847,1,1,C:\Users\lal\Working_Folder_C\SimulinkProject_ModularDAB3\05_Scripts\Analysis\DAB3_3level_optimization\DAB3_22_eq_results\Lm_10\hover_thumbs\SPS_Lm10_d1187708_P138196.png
4,20,0.2072942097,1.18770833333,0.207472807376,1,1,C:\Users\lal\Working_Folder_C\SimulinkProject_ModularDAB3\05_Scripts\Analysis\DAB3_3level_optimization\DAB3_22_eq_results\Lm_10\hover_thumbs\SPS_Lm10_d1187708_P207294.png
5,20,0.276392279601,1.18770833333,0.276520250967,1,1,C:\Users\lal\Working_Folder_C\SimulinkProject_ModularDAB3\05_Scripts\Analysis\DAB3_3level_optimization\DAB3_22_eq_results\Lm_10\hover_thumbs\SPS_Lm10_d1187708_P276392.png
6,20,0.345490349501,1.18770833333,0.345501681335,1,1,C:\Users\lal\Working_Folder_C\SimulinkProject_ModularDAB3\05_Scripts\Analysis\DAB3_3level_optimization\DAB3_22_eq_results\Lm_10\hover_thumbs\SPS_Lm10_d1187708_P345490.png
7,20,0.414588419401,1.18770833333,0.414647864887,1,1,C:\Users\lal\Working_Folder_C\SimulinkProject_ModularDAB3\05_Scripts\Analysis\DAB3_3level_optimization\DAB3_22_eq_results\Lm_10\hover_thumbs\SPS_Lm10_d1187708_P414588.png
8,20,0.483686489301,1.18770833333,0.483780129314,1,1,C:\Users\lal\Working_Folder_C\SimulinkProject_ModularDAB3\05_Scripts\Analysis\DAB3_3level_optimization\DAB3_22_eq_results\Lm_10\hover_thumbs\SPS_Lm10_d1187708_P483686.png
9,20,0.552784559201,1.18770833333,0.552817870566,1,1,C:\Users\lal\Working_Folder_C\SimulinkProject_ModularDAB3\05_Scripts\Analysis\DAB3_3level_optimization\DAB3_22_eq_results\Lm_10\hover_thumbs\SPS_Lm10_d1187708_P552785.png
10,20,0.621882629101,1.18770833333,0.62182042218,1,1,C:\Users\lal\Working_Folder_C\SimulinkProject_ModularDAB3\05_Scripts\Analysis\DAB3_3level_optimization\DAB3_22_eq_results\Lm_10\hover_thumbs\SPS_Lm10_d1187708_P621883.png
1,21,0,1.25016666667,7.65594847992e-16,0,1,C:\Users\lal\Working_Folder_C\SimulinkProject_ModularDAB3\05_Scripts\Analysis\DAB3_3level_optimization\DAB3_22_eq_results\Lm_10\hover_thumbs\SPS_Lm10_d1250167_P000001.png
2,21,0.0727317484401,1.25016666667,0.0727768931869,0,1,C:\Users\lal\Working_Folder_C\SimulinkProject_ModularDAB3\05_Scripts\Analysis\DAB3_3level_optimization\DAB3_22_eq_results\Lm_10\hover_thumbs\SPS_Lm10_d1250167_P072732.png
3,21,0.14546349688,1.25016666667,0.145496163975,0,1,C:\Users\lal\Working_Folder_C\SimulinkProject_ModularDAB3\05_Scripts\Analysis\DAB3_3level_optimization\DAB3_22_eq_results\Lm_10\hover_thumbs\SPS_Lm10_d1250167_P145463.png
4,21,0.21819524532,1.25016666667,0.218383234959,1,1,C:\Users\lal\Working_Folder_C\SimulinkProject_ModularDAB3\05_Scripts\Analysis\DAB3_3level_optimization\DAB3_22_eq_results\Lm_10\hover_thumbs\SPS_Lm10_d1250167_P218195.png
5,21,0.29092699376,1.25016666667,0.291061694791,1,1,C:\Users\lal\Working_Folder_C\SimulinkProject_ModularDAB3\05_Scripts\Analysis\DAB3_3level_optimization\DAB3_22_eq_results\Lm_10\hover_thumbs\SPS_Lm10_d1250167_P290927.png
6,21,0.3636587422,1.25016666667,0.363670669945,1,1,C:\Users\lal\Working_Folder_C\SimulinkProject_ModularDAB3\05_Scripts\Analysis\DAB3_3level_optimization\DAB3_22_eq_results\Lm_10\hover_thumbs\SPS_Lm10_d1250167_P363659.png
7,21,0.43639049064,1.25016666667,0.436453062202,1,1,C:\Users\lal\Working_Folder_C\SimulinkProject_ModularDAB3\05_Scripts\Analysis\DAB3_3level_optimization\DAB3_22_eq_results\Lm_10\hover_thumbs\SPS_Lm10_d1250167_P436390.png
8,21,0.50912223908,1.25016666667,0.509220803365,1,1,C:\Users\lal\Working_Folder_C\SimulinkProject_ModularDAB3\05_Scripts\Analysis\DAB3_3level_optimization\DAB3_22_eq_results\Lm_10\hover_thumbs\SPS_Lm10_d1250167_P509122.png
9,21,0.58185398752,1.25016666667,0.581889050639,1,1,C:\Users\lal\Working_Folder_C\SimulinkProject_ModularDAB3\05_Scripts\Analysis\DAB3_3level_optimization\DAB3_22_eq_results\Lm_10\hover_thumbs\SPS_Lm10_d1250167_P581854.png
10,21,0.65458573596,1.25016666667,0.654520257747,1,1,C:\Users\lal\Working_Folder_C\SimulinkProject_ModularDAB3\05_Scripts\Analysis\DAB3_3level_optimization\DAB3_22_eq_results\Lm_10\hover_thumbs\SPS_Lm10_d1250167_P654586.png
1,22,0,1.312625,3.15242302219e-15,0,1,C:\Users\lal\Working_Folder_C\SimulinkProject_ModularDAB3\05_Scripts\Analysis\DAB3_3level_optimization\DAB3_22_eq_results\Lm_10\hover_thumbs\SPS_Lm10_d1312625_P000001.png
2,22,0.07636542698,1.312625,0.0764128271586,0,1,C:\Users\lal\Working_Folder_C\SimulinkProject_ModularDAB3\05_Scripts\Analysis\DAB3_3level_optimization\DAB3_22_eq_results\Lm_10\hover_thumbs\SPS_Lm10_d1312625_P076365.png
3,22,0.15273085396,1.312625,0.152765153103,0,1,C:\Users\lal\Working_Folder_C\SimulinkProject_ModularDAB3\05_Scripts\Analysis\DAB3_3level_optimization\DAB3_22_eq_results\Lm_10\hover_thumbs\SPS_Lm10_d1312625_P152731.png
4,22,0.22909628094,1.312625,0.229293662542,0,1,C:\Users\lal\Working_Folder_C\SimulinkProject_ModularDAB3\05_Scripts\Analysis\DAB3_3level_optimization\DAB3_22_eq_results\Lm_10\hover_thumbs\SPS_Lm10_d1312625_P229096.png
5,22,0.30546170792,1.312625,0.305603138615,1,1,C:\Users\lal\Working_Folder_C\SimulinkProject_ModularDAB3\05_Scripts\Analysis\DAB3_3level_optimization\DAB3_22_eq_results\Lm_10\hover_thumbs\SPS_Lm10_d1312625_P305462.png
6,22,0.3818271349,1.312625,0.381839658555,1,1,C:\Users\lal\Working_Folder_C\SimulinkProject_ModularDAB3\05_Scripts\Analysis\DAB3_3level_optimization\DAB3_22_eq_results\Lm_10\hover_thumbs\SPS_Lm10_d1312625_P381827.png
7,22,0.45819256188,1.312625,0.458258259517,1,1,C:\Users\lal\Working_Folder_C\SimulinkProject_ModularDAB3\05_Scripts\Analysis\DAB3_3level_optimization\DAB3_22_eq_results\Lm_10\hover_thumbs\SPS_Lm10_d1312625_P458193.png
8,22,0.53455798886,1.312625,0.534661477417,1,1,C:\Users\lal\Working_Folder_C\SimulinkProject_ModularDAB3\05_Scripts\Analysis\DAB3_3level_optimization\DAB3_22_eq_results\Lm_10\hover_thumbs\SPS_Lm10_d1312625_P534558.png
9,22,0.61092341584,1.312625,0.610960230712,1,1,C:\Users\lal\Working_Folder_C\SimulinkProject_ModularDAB3\05_Scripts\Analysis\DAB3_3level_optimization\DAB3_22_eq_results\Lm_10\hover_thumbs\SPS_Lm10_d1312625_P610923.png
10,22,0.68728884282,1.312625,0.687220093315,1,1,C:\Users\lal\Working_Folder_C\SimulinkProject_ModularDAB3\05_Scripts\Analysis\DAB3_3level_optimization\DAB3_22_eq_results\Lm_10\hover_thumbs\SPS_Lm10_d1312625_P687289.png
1,23,0,1.37508333333,-1.55242433688e-15,0,1,C:\Users\lal\Working_Folder_C\SimulinkProject_ModularDAB3\05_Scripts\Analysis\DAB3_3level_optimization\DAB3_22_eq_results\Lm_10\hover_thumbs\SPS_Lm10_d1375083_P000001.png
2,23,0.0799991055199,1.37508333333,0.0800487611303,0,1,C:\Users\lal\Working_Folder_C\SimulinkProject_ModularDAB3\05_Scripts\Analysis\DAB3_3level_optimization\DAB3_22_eq_results\Lm_10\hover_thumbs\SPS_Lm10_d1375083_P079999.png
3,23,0.15999821104,1.37508333333,0.160034142231,0,1,C:\Users\lal\Working_Folder_C\SimulinkProject_ModularDAB3\05_Scripts\Analysis\DAB3_3level_optimization\DAB3_22_eq_results\Lm_10\hover_thumbs\SPS_Lm10_d1375083_P159998.png
4,23,0.23999731656,1.37508333333,0.240204090125,0,1,C:\Users\lal\Working_Folder_C\SimulinkProject_ModularDAB3\05_Scripts\Analysis\DAB3_3level_optimization\DAB3_22_eq_results\Lm_10\hover_thumbs\SPS_Lm10_d1375083_P239997.png
5,23,0.31999642208,1.37508333333,0.320144582439,0,1,C:\Users\lal\Working_Folder_C\SimulinkProject_ModularDAB3\05_Scripts\Analysis\DAB3_3level_optimization\DAB3_22_eq_results\Lm_10\hover_thumbs\SPS_Lm10_d1375083_P319996.png
6,23,0.399995527599,1.37508333333,0.400008647165,1,1,C:\Users\lal\Working_Folder_C\SimulinkProject_ModularDAB3\05_Scripts\Analysis\DAB3_3level_optimization\DAB3_22_eq_results\Lm_10\hover_thumbs\SPS_Lm10_d1375083_P399996.png
7,23,0.479994633119,1.37508333333,0.480063456832,1,1,C:\Users\lal\Working_Folder_C\SimulinkProject_ModularDAB3\05_Scripts\Analysis\DAB3_3level_optimization\DAB3_22_eq_results\Lm_10\hover_thumbs\SPS_Lm10_d1375083_P479995.png
8,23,0.559993738639,1.37508333333,0.560102151468,1,1,C:\Users\lal\Working_Folder_C\SimulinkProject_ModularDAB3\05_Scripts\Analysis\DAB3_3level_optimization\DAB3_22_eq_results\Lm_10\hover_thumbs\SPS_Lm10_d1375083_P559994.png
9,23,0.639992844159,1.37508333333,0.640031410785,1,1,C:\Users\lal\Working_Folder_C\SimulinkProject_ModularDAB3\05_Scripts\Analysis\DAB3_3level_optimization\DAB3_22_eq_results\Lm_10\hover_thumbs\SPS_Lm10_d1375083_P639993.png
10,23,0.719991949679,1.37508333333,0.719919928882,1,1,C:\Users\lal\Working_Folder_C\SimulinkProject_ModularDAB3\05_Scripts\Analysis\DAB3_3level_optimization\DAB3_22_eq_results\Lm_10\hover_thumbs\SPS_Lm10_d1375083_P719992.png
1,24,0,1.43754166667,-3.85028202382e-15,0,1,C:\Users\lal\Working_Folder_C\SimulinkProject_ModularDAB3\05_Scripts\Analysis\DAB3_3level_optimization\DAB3_22_eq_results\Lm_10\hover_thumbs\SPS_Lm10_d1437542_P000001.png
2,24,0.0836327840598,1.43754166667,0.083684695102,0,1,C:\Users\lal\Working_Folder_C\SimulinkProject_ModularDAB3\05_Scripts\Analysis\DAB3_3level_optimization\DAB3_22_eq_results\Lm_10\hover_thumbs\SPS_Lm10_d1437542_P083633.png
3,24,0.16726556812,1.43754166667,0.167303131359,0,1,C:\Users\lal\Working_Folder_C\SimulinkProject_ModularDAB3\05_Scripts\Analysis\DAB3_3level_optimization\DAB3_22_eq_results\Lm_10\hover_thumbs\SPS_Lm10_d1437542_P167266.png
4,24,0.250898352179,1.43754166667,0.251114517708,0,1,C:\Users\lal\Working_Folder_C\SimulinkProject_ModularDAB3\05_Scripts\Analysis\DAB3_3level_optimization\DAB3_22_eq_results\Lm_10\hover_thumbs\SPS_Lm10_d1437542_P250898.png
5,24,0.334531136239,1.43754166667,0.334686026263,0,1,C:\Users\lal\Working_Folder_C\SimulinkProject_ModularDAB3\05_Scripts\Analysis\DAB3_3level_optimization\DAB3_22_eq_results\Lm_10\hover_thumbs\SPS_Lm10_d1437542_P334531.png
6,24,0.418163920299,1.43754166667,0.418177635774,1,1,C:\Users\lal\Working_Folder_C\SimulinkProject_ModularDAB3\05_Scripts\Analysis\DAB3_3level_optimization\DAB3_22_eq_results\Lm_10\hover_thumbs\SPS_Lm10_d1437542_P418164.png
7,24,0.501796704359,1.43754166667,0.501868654147,1,1,C:\Users\lal\Working_Folder_C\SimulinkProject_ModularDAB3\05_Scripts\Analysis\DAB3_3level_optimization\DAB3_22_eq_results\Lm_10\hover_thumbs\SPS_Lm10_d1437542_P501797.png
8,24,0.585429488419,1.43754166667,0.58554282552,1,1,C:\Users\lal\Working_Folder_C\SimulinkProject_ModularDAB3\05_Scripts\Analysis\DAB3_3level_optimization\DAB3_22_eq_results\Lm_10\hover_thumbs\SPS_Lm10_d1437542_P585429.png
9,24,0.669062272478,1.43754166667,0.669102590857,1,1,C:\Users\lal\Working_Folder_C\SimulinkProject_ModularDAB3\05_Scripts\Analysis\DAB3_3level_optimization\DAB3_22_eq_results\Lm_10\hover_thumbs\SPS_Lm10_d1437542_P669062.png
10,24,0.752695056538,1.43754166667,0.752619764449,1,1,C:\Users\lal\Working_Folder_C\SimulinkProject_ModularDAB3\05_Scripts\Analysis\DAB3_3level_optimization\DAB3_22_eq_results\Lm_10\hover_thumbs\SPS_Lm10_d1437542_P752695.png
1,25,0,1.5,-1.29425220541e-15,0,1,C:\Users\lal\Working_Folder_C\SimulinkProject_ModularDAB3\05_Scripts\Analysis\DAB3_3level_optimization\DAB3_22_eq_results\Lm_10\hover_thumbs\SPS_Lm10_d1500000_P000001.png
2,25,0.0872664625997,1.5,0.0873206290737,0,1,C:\Users\lal\Working_Folder_C\SimulinkProject_ModularDAB3\05_Scripts\Analysis\DAB3_3level_optimization\DAB3_22_eq_results\Lm_10\hover_thumbs\SPS_Lm10_d1500000_P087266.png
3,25,0.174532925199,1.5,0.174572120487,0,1,C:\Users\lal\Working_Folder_C\SimulinkProject_ModularDAB3\05_Scripts\Analysis\DAB3_3level_optimization\DAB3_22_eq_results\Lm_10\hover_thumbs\SPS_Lm10_d1500000_P174533.png
4,25,0.261799387799,1.5,0.262024945292,0,1,C:\Users\lal\Working_Folder_C\SimulinkProject_ModularDAB3\05_Scripts\Analysis\DAB3_3level_optimization\DAB3_22_eq_results\Lm_10\hover_thumbs\SPS_Lm10_d1500000_P261799.png
5,25,0.349065850399,1.5,0.349227470087,0,1,C:\Users\lal\Working_Folder_C\SimulinkProject_ModularDAB3\05_Scripts\Analysis\DAB3_3level_optimization\DAB3_22_eq_results\Lm_10\hover_thumbs\SPS_Lm10_d1500000_P349066.png
6,25,0.436332312999,1.5,0.436346624384,0,1,C:\Users\lal\Working_Folder_C\SimulinkProject_ModularDAB3\05_Scripts\Analysis\DAB3_3level_optimization\DAB3_22_eq_results\Lm_10\hover_thumbs\SPS_Lm10_d1500000_P436332.png
7,25,0.523598775598,1.5,0.523673851462,1,1,C:\Users\lal\Working_Folder_C\SimulinkProject_ModularDAB3\05_Scripts\Analysis\DAB3_3level_optimization\DAB3_22_eq_results\Lm_10\hover_thumbs\SPS_Lm10_d1500000_P523599.png
8,25,0.610865238198,1.5,0.610983499572,1,1,C:\Users\lal\Working_Folder_C\SimulinkProject_ModularDAB3\05_Scripts\Analysis\DAB3_3level_optimization\DAB3_22_eq_results\Lm_10\hover_thumbs\SPS_Lm10_d1500000_P610865.png
9,25,0.698131700798,1.5,0.69817377093,1,1,C:\Users\lal\Working_Folder_C\SimulinkProject_ModularDAB3\05_Scripts\Analysis\DAB3_3level_optimization\DAB3_22_eq_results\Lm_10\hover_thumbs\SPS_Lm10_d1500000_P698132.png
10,25,0.785398163397,1.5,0.785319600017,1,1,C:\Users\lal\Working_Folder_C\SimulinkProject_ModularDAB3\05_Scripts\Analysis\DAB3_3level_optimization\DAB3_22_eq_results\Lm_10\hover_thumbs\SPS_Lm10_d1500000_P785398.png
